,Unnamed: 0,algo,volatility
0,0,?,0.0591998494356284
1,1,BestMarkowitz,0.0542630641123103
2,2,CWMR,0.0365403456763828
0,0,Anticor,0.0557753973608435
1,1,BestMarkowitz,0.0355006495524309
2,2,BestMarkowitz,0.0584358238043705
0,0,?,0.0225998504308935
1,1,BestMarkowitz,0.0486055862375263
2,2,?,0.0189900644006306
3,3,?,0.0477553831773658
4,4,Anticor,0.0310103904608683
5,5,BestMarkowitz,0.038733970330804
6,6,RMR,0.0450932830037268
7,7,BestMarkowitz,0.0297301303137069
8,8,BestMarkowitz,0.0314986499081101
9,9,BestMarkowitz,0.0629774720200441
10,10,BestMarkowitz,0.0463372931197937
11,11,?,0.0552935260084506
12,12,?,0.1789483623064336
13,13,BestMarkowitz,0.0471722315674726
14,14,OLMAR,0.0339643003947736
15,15,BestMarkowitz,0.0440778125287526
16,16,BestMarkowitz,0.0324478458104897
17,17,BestMarkowitz,0.0326046184901052
18,18,?,0.0407522153902582
19,19,BestMarkowitz,0.0323783143765239
20,20,CWMR,0.0381250501706349
21,21,RMR,0.0321019076944872
22,22,?,0.0198024536655998
23,23,BestMarkowitz,0.0305792376582375
24,24,BestMarkowitz,0.0284937422315674
25,25,CORN,0.0394344646656641
26,26,BestMarkowitz,0.0444711014366964
27,27,BestMarkowitz,0.0414778402015724
28,28,?,0.041477615805976
29,29,BestMarkowitz,0.0751186325062709
30,30,BestMarkowitz,0.0349530922671077
31,31,PAMR,0.0456250747064972
32,32,BestMarkowitz,0.0226372189111637
33,33,OLMAR,0.0176662980484016
34,34,CORN,0.0223966354036079
35,35,BestMarkowitz,0.0217862727821954
0,0,Anticor,0.0802545698907731
1,1,CORN,0.1723285342291466
2,2,BestMarkowitz,0.1284184728347067
3,3,BestMarkowitz,0.1481210242305734
4,4,?,0.1291993405703204
5,5,BestMarkowitz,0.0640355735761084
0,0,BestMarkowitz,0.0401360769974001
1,1,BestMarkowitz,0.0364163766177881
2,2,OLMAR,0.0178260721081529
0,0,BestMarkowitz,0.0549528832305964
1,1,BestMarkowitz,0.0440790999933022
2,2,BestMarkowitz,0.0305073296408707
3,3,BestMarkowitz,0.0427462868400248
4,4,BestMarkowitz,0.0328473889265659
5,5,?,0.0452359132576707
0,0,BestMarkowitz,0.0570577468744625
1,1,OLMAR,0.0368768285433382
2,2,BestMarkowitz,0.0282222892865948
3,3,BestMarkowitz,0.0310565377018384
4,4,?,0.0549233261974661
5,5,BestMarkowitz,0.0273726893053823
0,0,BAH,0.0505310301248662
1,1,?,0.0534610380687063
2,2,BestMarkowitz,0.0432659244196637
0,0,BestMarkowitz,0.0332365701304861
1,1,BestMarkowitz,0.0574391935572545
2,2,?,0.0445519844005545
0,0,BestMarkowitz,0.077966662210612
1,1,PAMR,0.0630028334961987
2,2,BestMarkowitz,0.0613212215418815
