,algo,close_volatility,close_range,vol_volatility,vol_range,market,VIX_range,VIX_volatility,VIX_mean,nbr_of_cryptos_tweets,nbr_of_nasdaq_tweets
0,PAMR,0.015298261763743387,7.252143659089742,0.32729767382631025,16717204.921052631,nasdaq,0.06420362658839433,2.8100004196166974,13.523999977111817,287,11
